{
  "placedHouses": [
    {
      "position": {
        "x": -2.019914388656616,
        "y": 2.2972970008850098,
        "z": 0
      },
      "rotation": {
        "x": 0,
        "y": 0,
        "z": 0,
        "w": 1
      }
    }
  ]
}