{"placedHouses":[{"position":{"x":-2.119487762451172,"y":2.41109561920166,"z":0.0},"rotation":{"x":0.0,"y":0.0,"z":0.0,"w":1.0}},{"position":{"x":-2.560455083847046,"y":-0.43385475873947146,"z":0.0},"rotation":{"x":0.0,"y":0.0,"z":0.0,"w":1.0}}]}