{"placedHouses":[{"position":{"x":-2.019914388656616,"y":2.2972970008850099,"z":0.0},"rotation":{"x":0.0,"y":0.0,"z":0.0,"w":1.0}}]}